CREATE TABLE CICLISTA
(
	NOMBRECICLISTA VARCHAR(80),
	FNACIMIENTO DATE,
	NACIONALIDAD VARCHAR(20),
	CONSTRAINT PK_CICLISTA PRIMARY KEY (NOMBRECICLISTA)
);
CREATE TABLE EQUIPO
(
	NOMBREEQUIPO VARCHAR(80),
	CONSTRAINT PK_EQUIPO PRIMARY KEY (NOMBREEQUIPO)
);
CREATE TABLE PRUEBA
(
	NOMBREPRUEBA VARCHAR(80),
	NOMBRECICLISTA_GANADOR VARCHAR(80),
	ANIO DATE,
	KMTOTALES NUMERIC(10),
	CONSTRAINT PK_PRUEBA PRIMARY KEY (NOMBREPRUEBA,NOMBRECICLISTA_GANADOR),
	CONSTRAINT FK1_PRUEBA FOREIGN KEY (NOMBRECICLISTA_GANADOR) REFERENCES CICLISTA(NOMBRECICLISTA)
);
CREATE TABLE PERTENECE
(
	NOMBRECICLISTA VARCHAR(80),
	NOMBREEQUIPO VARCHAR(80),
	CONSTRAINT PK_PERTENECE PRIMARY KEY (NOMBRECICLISTA, NOMBREEQUIPO),
	CONSTRAINT FK1_PERTENECE FOREIGN KEY (NOMBRECICLISTA) REFERENCES CICLISTA(NOMBRECICLISTA),
	CONSTRAINT FK2_PERTENECE FOREIGN KEY (NOMBREEQUIPO) REFERENCES EQUIPO(NOMBREEQUIPO)
	
);

-- TABLA CICLISTA

INSERT INTO CICLISTA VALUES('ALEJANDRO VALVERDE','1980-04-25','ESPAÑOL');
INSERT INTO CICLISTA VALUES('ALEJANDRA VALVERDE','1980-04-25','ESPAÑOL');
INSERT INTO CICLISTA VALUES('MATHIAS NORSGAARD','1997-05-01','DANES');
INSERT INTO CICLISTA VALUES('PRIMOX ROGLIC','1997-01-01','ESLOVENO');
INSERT INTO CICLISTA VALUES('R. GESINK','2003-05-01','HOLANDES');
INSERT INTO CICLISTA VALUES('S. BENNETT','2000-08-03','IRLANDE  S');
INSERT INTO CICLISTA VALUES('M. SOLER','2003-11-09','ESPAÑOL');
INSERT INTO CICLISTA VALUES('ALVARO CRUCES','2002-06-26','ESPAÑOL');

-- TABLA PRUEBA
INSERT INTO PRUEBA VALUES('E1_2022','R. GESINK','2022-01-01',23);
INSERT INTO PRUEBA VALUES('E2_2022','PRIMOX ROGLIC','2022-01-01',175);
INSERT INTO PRUEBA VALUES('E3_2022','S. BENNETT','2022-01-01',193);
INSERT INTO PRUEBA VALUES('E1_2021','S. BENNETT','2021-01-01',154);
INSERT INTO PRUEBA VALUES('E1_2021','M. SOLER','2021-01-01',189);
INSERT INTO PRUEBA VALUES('E1_2020','ALEJANDRO VALVERDE','2022-01-01',40);

-- TABLA EQUIPOS

INSERT INTO EQUIPO VALUES ('MOVISTAR');
INSERT INTO EQUIPO VALUES ('JUMBO');
INSERT INTO EQUIPO VALUES ('BORA');
INSERT INTO EQUIPO VALUES ('UAE TEAM');


-- TABLA PERTENECE

INSERT INTO PERTENECE VALUES ('ALEJANDRO VALVERDE','MOVISTAR');
INSERT INTO PERTENECE VALUES ('ALEJANDRA VALVERDE','MOVISTAR');
INSERT INTO PERTENECE VALUES ('MATHIAS NORSGAARD','MOVISTAR');
INSERT INTO PERTENECE VALUES ('PRIMOX ROGLIC','JUMBO');
INSERT INTO PERTENECE VALUES ('R. GESINK','JUMBO');
INSERT INTO PERTENECE VALUES ('S. BENNETT','BORA');
INSERT INTO PERTENECE VALUES ('M. SOLER','UAE TEAM');

-- EJERCICIO 2
UPDATE PRUEBA
SET NOMBREPRUEBA = 'CONTRARELOJ_2022'
WHERE KMTOTALES < 100 AND EXTRACT(YEAR FROM ANIO) = 2022;

UPDATE PRUEBA
SET NOMBREPRUEBA = 'CONTRARELOJ_2021'
WHERE KMTOTALES < 100 AND EXTRACT(YEAR FROM ANIO) = 2021;

--  EJERCICIO 3
CREATE TABLE CICLISTASESPANOLES
(
	NOMBRECICLISTA VARCHAR(80),
	FNACIMIENTO DATE,
	NACIONALIDAD VARCHAR(20),
	CONSTRAINT PK_CICLISTASESPANOLES PRIMARY KEY (NOMBRECICLISTA),
	CONSTRAINT FK1_CICLISTASESPANOLES FOREIGN KEY (NOMBRECICLISTA) REFERENCES CICLISTA(NOMBRECICLISTA)
);

INSERT INTO CICLISTASESPANOLES (NOMBRECICLISTA, FNACIMIENTO, NACIONALIDAD)
SELECT NOMBRECICLISTA, FNACIMIENTO, NACIONALIDAD
FROM CICLISTA
WHERE NACIONALIDAD = 'ESPAÑOL';